ID,Name,Gene Name,GenBank Protein ID,GenBank Gene ID,UniProt ID,Uniprot Title,PDB ID,GeneCard ID,GenAtlas ID,HGNC ID,Species,Drug IDs
51,3 beta-hydroxysteroid dehydrogenase/Delta 5-->4-isomerase type 1,HSD3B1,306889,M27137,P14060,3BHS1_HUMAN,,HSD3B1,HSD3B1,HGNC:5217,Humans,DB01536
61,Cannabinoid receptor 1,CNR1,29915,X54937,P21554,CNR1_HUMAN,1LVQ; 1LVR; 2B0Y; 2KOE; 2MZ2; 2MZ3; 2MZA; 5TGZ; 5U09; 5XR8; 5XRA; 6KPG; 6KQI; 6N4B; 7FEE; 7V3Z; 7WV9; 8GAG; 8GHV; 8IKG; 8IKH; 8K8J; 8WRZ; 8WU1; 9ERX,CNR1,CNR1,HGNC:2159,Humans,DB00470
92,Muscarinic acetylcholine receptor M1,CHRM1,34451,X52068,P11229,ACM1_HUMAN,5CXV; 6OIJ; 6WJC; 6ZFZ; 6ZG4; 6ZG9,CHRM1,CHRM1,HGNC:1950,Humans,DB00907
95,Cannabinoid receptor 2,CNR2,407807,X74328,P34972,CNR2_HUMAN,2KI9; 5ZTY; 6KPC; 6KPF; 6PT0; 8GUQ; 8GUR; 8GUS; 8GUT,CNR2,CNR2,HGNC:2160,Humans,DB00470
118,Synaptic vesicular amine transporter,SLC18A2,292335,L09118,Q05940,VMAT2_HUMAN,8JSW; 8JSX; 8JT5; 8JT9; 8JTA; 8JTB; 8JTC; 8T69; 8T6A; 8T6B; 8THR; 8WLJ; 8WLK; 8WLL; 8WLM; 8XO9; 8XOA; 8XOB,SLC18A2,SLC18A2,HGNC:10935,Humans,DB00182; DB00865; DB01442; DB01454; DB01472; DB01576; DB01577
123,Estrogen receptor,ESR1,31234,X03635,P03372,ESR1_HUMAN,1A52; 1ERE; 1ERR; 1G50; 1GWQ; 1GWR; 1HCP; 1HCQ; 1L2I; 1PCG; 1QKT; 1QKU; 1R5K; 1SJ0; 1UOM; 1X7E; 1X7R; 1XP1; 1XP6; 1XP9; 1XPC; 1XQC; 1YIM; 1YIN; 1ZKY; 2AYR; 2B1V; 2B1Z; 2B23; 2BJ4; 2FAI; 2G44; 2G5O; 2I0J; 2IOG; 2IOK; 2JF9; 2JFA; 2LLO; 2LLQ; 2OCF; 2OUZ; 2P15; 2POG; 2Q6J; 2Q70; 2QA6; 2QA8; 2QAB; 2QE4; 2QGT; 2QGW; 2QH6; 2QR9; 2QSE; 2QXM; 2QXS; 2QZO; 2R6W; 2R6Y; 2YAT; 2YJA; 3CBM; 3CBO; 3CBP; 3DT3; 3ERD; 3ERT; 3HLV; 3HM1; 3L03; 3OS8; 3OS9; 3OSA; 3Q95; 3UU7; 3UUA; 3UUC; 3UUD; 4AA6; 4DMA; 4IU7; 4IUI; 4IV2; 4IV4; 4IVW; 4IVY; 4IW6; 4IW8; 4IWC; 4IWF; 4JC3; 4JDD; 4MG5; 4MG6; 4MG7; 4MG8; 4MG9; 4MGA; 4MGB; 4MGC; 4MGD; 4O6F; 4PP6; 4PPP; 4PPS; 4PXM; 4Q13; 4Q50; 4TUZ; 4TV1; 4XI3; 4ZN7; 4ZN9; 4ZNH; 4ZNS; 4ZNT; 4ZNU; 4ZNV; 4ZNW; 5AAU; 5AAV; 5ACC; 5AK2; 5DI7; 5DID; 5DIE; 5DIG; 5DK9; 5DKB; 5DKE; 5DKG; 5DKS; 5DL4; 5DLR; 5DMC; 5DMF; 5DP0; 5DRJ; 5DRM; 5DTV; 5DU5; 5DUE; 5DUG; 5DUH; 5DVS; 5DVV; 5DWE; 5DWG; 5DWI; 5DWJ; 5DX3; 5DXB; 5DXE; 5DXG; 5DXK; 5DXM; 5DXP; 5DXQ; 5DXR; 5DY8; 5DYB; 5DYD; 5DZ0; 5DZ1; 5DZ3; 5DZH; 5DZI; 5E0W; 5E0X; 5E14; 5E15; 5E19; 5E1C; 5EGV; 5EHJ; 5EI1; 5EIT; 5FQP; 5FQR; 5FQS; 5FQT; 5FQV; 5GS4; 5GTR; 5HYR; 5JMM; 5KCC; 5KCD; 5KCE; 5KCF; 5KCT; 5KCU; 5KCW; 5KD9; 5KR9; 5KRA; 5KRC; 5KRF; 5KRH; 5KRI; 5KRJ; 5KRK; 5KRL; 5KRM; 5KRO; 5N10; 5T0X; 5T1Z; 5T92; 5T97; 5TLD; 5TLF; 5TLG; 5TLL; 5TLM; 5TLO; 5TLP; 5TLT; 5TLU; 5TLV; 5TLX; 5TLY; 5TM1; 5TM2; 5TM3; 5TM4; 5TM5; 5TM6; 5TM7; 5TM8; 5TM9; 5TML; 5TMM; 5TMO; 5TMQ; 5TMR; 5TMS; 5TMT; 5TMU; 5TMV; 5TMW; 5TMZ; 5TN1; 5TN3; 5TN4; 5TN5; 5TN6; 5TN7; 5TN8; 5TN9; 5TNB; 5U2B; 5U2D; 5UFW; 5UFX; 5W9C; 5W9D; 5WGD; 5WGQ; 6B0F; 6C42; 6CBZ; 6CHW; 6CHZ; 6CZN; 6D0F; 6DF6; 6DFN; 6HHP; 6HKB; 6HKF; 6HMU; 6IAR; 6OWC; 6PET; 6PFM; 6PIT; 6PSJ; 6SBO; 6SQ0; 6SUO; 6TJM; 6TL3; 6V87; 6V8T; 6VGH; 6VJD; 6VPF; 6WOK; 6ZOQ; 6ZOR; 6ZOS; 7B9M; 7B9R; 7B9T; 7BA3; 7BA5; 7BA6; 7BA7; 7BA8; 7BA9; 7BAA; 7BAB; 7JHD; 7KBS; 7MSA; 7N9O; 7NDO; 7NEL; 7NFB; 7NFW; 7NIZ; 7OPW; 7OQ7; 7OQ8; 7PWT; 7PWZ; 7QVJ; 7QVL; 7R62; 7RKE; 7RNM; 7RRX; 7RRY; 7RRZ; 7RS0; 7RS1; 7RS2; 7RS3; 7RS4; 7RS7; 7RS8; 7RS9; 7SFO; 7T2X; 7TE7; 7UJ7; 7UJ8; 7UJC; 7UJF; 7UJM; 7UJO; 7UJW; 7UJY; 7WNV; 7Y8F; 7Y8G; 7YMK; 8AFN; 8AI0; 8ALR; 8ALT; 8ALV; 8ALW; 8AM7; 8ANF; 8AOY; 8APS; 8AQ1; 8AQC; 8AQE; 8AQZ; 8AR4; 8AR5; 8ARG; 8ARO; 8ARQ; 8ARR; 8ARW; 8ARX; 8ARY; 8ARZ; 8AS1; 8AT9; 8ATP; 8AU2; 8AUS; 8AUY; 8AV3; 8AV4; 8AV7; 8AV8; 8AWG; 8AXE; 8AXU; 8AZE; 8B39; 8BWJ; 8BWX; 8BWZ; 8BX0; 8BX3; 8BX4; 8BXI; 8BXM; 8BXN; 8BXO; 8BXQ; 8BXS; 8BY9; 8BYB; 8BYC; 8BYD; 8BYE; 8BYF; 8BYG; 8BYO; 8BYY; 8BYZ; 8BZ0; 8BZ9; 8BZA; 8BZB; 8BZC; 8BZD; 8BZE; 8BZF; 8BZG; 8BZH; 8BZT; 8BZW; 8C04; 8C0K; 8C42; 8C4F; 8C4G; 8DU6; 8DU8; 8DU9; 8DUB; 8DUC; 8DUD; 8DUG; 8DUH; 8DUI; 8DUK; 8DUS; 8DV5; 8DV7; 8DV8; 8DVB; 8EV1; 8EV2; 8VYT; 8VYX; 8VZ0; 8VZ1; 8VZP; 8VZQ; 8W03; 8W07; 9BQE; 9BU1,ESR1,ESR1,HGNC:3467,Humans,DB01185; DB01524; DB02901
129,Gamma-aminobutyric acid receptor subunit rho-1,GABRR1,182911,M62400,P24046,GBRR1_HUMAN,8OP9; 8OQ6; 8OQ7; 8OQ8; 8OQA; 8RH4; 8RH7; 8RH8; 8RH9; 8RHG,GABRR1,GABRR1,HGNC:4090,Humans,DB01567
131,11-beta-hydroxysteroid dehydrogenase type 2,HSD11B2,565082,U14631,P80365,DHI2_HUMAN,,HSD11B2,HSD11B2,HGNC:5209,Humans,DB01185; DB01569
132,Androgen receptor,AR,178628,M20132,P10275,ANDR_HUMAN,1E3G; 1GS4; 1T5Z; 1T63; 1T65; 1XJ7; 1XOW; 1XQ3; 1Z95; 2AM9; 2AMA; 2AMB; 2AO6; 2AX6; 2AX7; 2AX8; 2AX9; 2AXA; 2HVC; 2OZ7; 2PIO; 2PIP; 2PIQ; 2PIR; 2PIT; 2PIU; 2PIV; 2PIW; 2PIX; 2PKL; 2PNU; 2Q7I; 2Q7J; 2Q7K; 2Q7L; 2YHD; 2YLO; 2YLP; 2YLQ; 2Z4J; 3B5R; 3B65; 3B66; 3B67; 3B68; 3BTR; 3L3X; 3L3Z; 3RLJ; 3RLL; 3V49; 3V4A; 3ZQT; 4HLW; 4K7A; 4OEA; 4OED; 4OEY; 4OEZ; 4OFR; 4OFU; 4OGH; 4OH5; 4OH6; 4OHA; 4OIL; 4OIU; 4OJ9; 4OJB; 4OK1; 4OKB; 4OKT; 4OKW; 4OKX; 4OLM; 4QL8; 5CJ6; 5JJM; 5T8E; 5T8J; 5V8Q; 5VO4; 7ZTX; 7ZTZ; 7ZU1; 7ZU2; 8E1A; 8FGY; 8FGZ; 8FH0; 8FH1; 8FH2; 8RM6; 8RM7,AR,AR,HGNC:644,Humans,DB00858; DB00984; DB01185; DB01481; DB01541; DB01564; DB02901; DB06412; DB08804; DB14639
156,Sigma non-opioid intracellular receptor 1,SIGMAR1,1783387,U75283,Q99720,SGMR1_HUMAN,5HK1; 5HK2; 6DJZ; 6DK0; 6DK1,SIGMAR1,OPRS1,HGNC:8157,Humans,DB00574; DB00907; DB00956; DB01488; DB03575
194,17-beta-hydroxysteroid dehydrogenase type 1,HSD17B1,23365,X13440,P14061,DHB1_HUMAN,1A27; 1BHS; 1DHT; 1EQU; 1FDS; 1FDT; 1FDU; 1FDV; 1FDW; 1I5R; 1IOL; 1JTV; 1QYV; 1QYW; 1QYX; 3DEY; 3DHE; 3HB4; 3HB5; 3KLM; 3KLP; 3KM0; 6CGC; 6CGE; 6DTP; 6MNC; 6MNE; 7X3Z,HSD17B1,HSD17B1,HGNC:5210,Humans,DB01536; DB01561; DB02901
217,Gamma-aminobutyric acid type B receptor subunit 1,GABBR1,3892594,AJ225028,Q9UBS5,GABR1_HUMAN,4MQE; 4MQF; 4MR7; 4MR8; 4MR9; 4MRM; 4MS1; 4MS3; 4MS4; 4PAS; 6HKC; 6UO8; 6UO9; 6UOA; 6VJM; 6W2X; 6W2Y; 6WIV; 7C7Q; 7C7S; 7CA3; 7CA5; 7CUM; 7EB2,GABBR1,GABBR1,HGNC:4070,Humans,DB01440
267,Carbonic anhydrase 1,CA1,29600,X05014,P00915,CAH1_HUMAN,1AZM; 1BZM; 1CRM; 1CZM; 1HCB; 1HUG; 1HUH; 1J9W; 1JV0; 2CAB; 2FOY; 2FW4; 2IT4; 2NMX; 2NN1; 2NN7; 3LXE; 3W6H; 3W6I; 4WR7; 4WUP; 4WUQ; 5E2M; 5GMM; 6EVR; 6EX1; 6F3B; 6FAF; 6FAG; 6G3V; 6HWZ; 6I0J; 6I0L; 6SWM; 6XZE; 6XZO; 6XZS; 6XZX; 6XZY; 6Y00; 7PLF; 7Q0D; 7QOB; 7ZL5; 8CDX; 8CDZ; 8Q6L; 8Q7G,CA1,CA1,HGNC:1368,Humans,DB01031
289,Alpha-2A adrenergic receptor,ADRA2A,178196,M23533,P08913,ADA2A_HUMAN,1HLL; 1HO9; 1HOD; 1HOF; 6K42; 6KUX; 6KUY; 7EJ0; 7EJ8; 7EJA; 7EJK; 7W6P; 7W7E,ADRA2A,ADRA2A,HGNC:281,Humans,DB00865; DB01472; DB01577
291,5-hydroxytryptamine receptor 1A,HTR1A,189928,M28269,P08908,5HT1A_HUMAN,7E2X; 7E2Y; 7E2Z; 8FY8; 8FYE; 8FYL; 8FYT; 8FYX; 8JSP; 8JT6; 8PJK; 8PKM; 8W8B,HTR1A,HTR1A,HGNC:5286,Humans,DB00574; DB01465; DB01484; DB04829; DB14010
322,Carbonic anhydrase 2,CA2,179780,M77181,P00918,CAH2_HUMAN,12CA; 1A42; 1AM6; 1AVN; 1BCD; 1BIC; 1BN1; 1BN3; 1BN4; 1BNM; 1BNN; 1BNQ; 1BNT; 1BNU; 1BNV; 1BNW; 1BV3; 1CA2; 1CA3; 1CAH; 1CAI; 1CAJ; 1CAK; 1CAL; 1CAM; 1CAN; 1CAO; 1CAY; 1CAZ; 1CCS; 1CCT; 1CCU; 1CIL; 1CIM; 1CIN; 1CNB; 1CNC; 1CNG; 1CNH; 1CNI; 1CNJ; 1CNK; 1CNW; 1CNX; 1CNY; 1CRA; 1CVA; 1CVB; 1CVC; 1CVD; 1CVE; 1CVF; 1CVH; 1DCA; 1DCB; 1EOU; 1F2W; 1FQL; 1FQM; 1FQN; 1FQR; 1FR4; 1FR7; 1FSN; 1FSQ; 1FSR; 1G0E; 1G0F; 1G1D; 1G3Z; 1G45; 1G46; 1G48; 1G4J; 1G4O; 1G52; 1G53; 1G54; 1H4N; 1H9N; 1H9Q; 1HCA; 1HEA; 1HEB; 1HEC; 1HED; 1HVA; 1I8Z; 1I90; 1I91; 1I9L; 1I9M; 1I9N; 1I9O; 1I9P; 1I9Q; 1IF4; 1IF5; 1IF6; 1IF7; 1IF8; 1IF9; 1KWQ; 1KWR; 1LG5; 1LG6; 1LGD; 1LUG; 1LZV; 1MOO; 1MUA; 1OKL; 1OKM; 1OKN; 1OQ5; 1RAY; 1RAZ; 1RZA; 1RZB; 1RZC; 1RZD; 1RZE; 1T9N; 1TB0; 1TBT; 1TE3; 1TEQ; 1TEU; 1TG3; 1TG9; 1TH9; 1THK; 1TTM; 1UGA; 1UGB; 1UGC; 1UGD; 1UGE; 1UGF; 1UGG; 1XEG; 1XEV; 1XPZ; 1XQ0; 1YDA; 1YDB; 1YDC; 1YDD; 1YO0; 1YO1; 1YO2; 1Z9Y; 1ZE8; 1ZFK; 1ZFQ; 1ZGE; 1ZGF; 1ZH9; 1ZSA; 1ZSB; 1ZSC; 2ABE; 2AW1; 2AX2; 2CA2; 2CBA; 2CBB; 2CBC; 2CBD; 2CBE; 2EU2; 2EU3; 2EZ7; 2F14; 2FMG; 2FMZ; 2FNK; 2FNM; 2FNN; 2FOQ; 2FOS; 2FOU; 2FOV; 2GD8; 2GEH; 2H15; 2H4N; 2HD6; 2HKK; 2HL4; 2HNC; 2HOC; 2ILI; 2NNG; 2NNO; 2NNS; 2NNV; 2NWO; 2NWP; 2NWY; 2NWZ; 2NXR; 2NXS; 2NXT; 2O4Z; 2OSF; 2OSM; 2POU; 2POV; 2POW; 2Q1B; 2Q1Q; 2Q38; 2QO8; 2QOA; 2QP6; 2VVA; 2VVB; 2WD2; 2WD3; 2WEG; 2WEH; 2WEJ; 2WEO; 2X7S; 2X7T; 2X7U; 3B4F; 3BET; 3BL0; 3BL1; 3C7P; 3CA2; 3CAJ; 3CYU; 3D8W; 3D92; 3D93; 3D9Z; 3DAZ; 3DBU; 3DC3; 3DC9; 3DCC; 3DCS; 3DCW; 3DD0; 3DD8; 3DV7; 3DVB; 3DVC; 3DVD; 3EFI; 3EFT; 3F4X; 3F8E; 3FFP; 3GZ0; 3HFP; 3HKN; 3HKQ; 3HKT; 3HKU; 3HLJ; 3HS4; 3IBI; 3IBL; 3IBN; 3IBU; 3IEO; 3IGP; 3K2F; 3K34; 3K7K; 3KIG; 3KKX; 3KNE; 3KOI; 3KOK; 3KON; 3KS3; 3KWA; 3L14; 3M04; 3M14; 3M1J; 3M1K; 3M1Q; 3M1W; 3M2N; 3M2X; 3M2Y; 3M2Z; 3M3X; 3M40; 3M5E; 3M5S; 3M5T; 3M67; 3M96; 3M98; 3MHC; 3MHI; 3MHL; 3MHM; 3MHO; 3ML2; 3MMF; 3MNA; 3MNH; 3MNI; 3MNJ; 3MNK; 3MNU; 3MWO; 3MYQ; 3MZC; 3N0N; 3N2P; 3N3J; 3N4B; 3NB5; 3NI5; 3NJ9; 3OIK; 3OIL; 3OIM; 3OKU; 3OKV; 3OY0; 3OYQ; 3OYS; 3P3H; 3P3J; 3P44; 3P4V; 3P55; 3P58; 3P5A; 3P5L; 3PJJ; 3PO6; 3PYK; 3QYK; 3R16; 3R17; 3RG3; 3RG4; 3RGE; 3RJ7; 3RLD; 3RYJ; 3RYV; 3RYX; 3RYY; 3RYZ; 3RZ0; 3RZ1; 3RZ5; 3RZ7; 3RZ8; 3S71; 3S72; 3S73; 3S74; 3S75; 3S76; 3S77; 3S78; 3S8X; 3S9T; 3SAP; 3SAX; 3SBH; 3SBI; 3T5U; 3T5Z; 3T82; 3T83; 3T84; 3T85; 3TMJ; 3TVN; 3TVO; 3U3A; 3U45; 3U47; 3U7C; 3V2J; 3V2M; 3V3F; 3V3G; 3V3H; 3V3I; 3V3J; 3V5G; 3V7X; 3VBD; 3ZP9; 4BCW; 4BF1; 4BF6; 4CA2; 4CAC; 4CQ0; 4DZ7; 4DZ9; 4E3D; 4E3F; 4E3G; 4E3H; 4E49; 4E4A; 4E5Q; 4FIK; 4FL7; 4FPT; 4FRC; 4FU5; 4FVN; 4FVO; 4G0C; 4GL1; 4HBA; 4HEW; 4HEY; 4HEZ; 4HF3; 4HT0; 4IDR; 4ILX; 4ITO; 4ITP; 4IWZ; 4JS6; 4JSA; 4JSS; 4JSW; 4JSZ; 4K0S; 4K0T; 4K0Z; 4K13; 4K1Q; 4KAP; 4KNI; 4KNJ; 4KUV; 4KUW; 4KUY; 4KV0; 4L5U; 4L5V; 4L5W; 4LHI; 4LP6; 4M2R; 4M2U; 4M2V; 4M2W; 4MDG; 4MDL; 4MDM; 4MLT; 4MLX; 4MO8; 4MTY; 4N0X; 4N16; 4PQ7; 4PXX; 4PYX; 4PYY; 4PZH; 4Q06; 4Q07; 4Q08; 4Q09; 4Q49; 4Q6D; 4Q6E; 4Q78; 4Q7P; 4Q7S; 4Q7V; 4Q7W; 4Q81; 4Q83; 4Q87; 4Q8X; 4Q8Y; 4Q8Z; 4Q90; 4Q99; 4Q9Y; 4QEF; 4QIY; 4QJM; 4QK1; 4QK2; 4QK3; 4QSA; 4QSB; 4QSI; 4QTL; 4QY3; 4R59; 4R5A; 4R5B; 4RFC; 4RFD; 4RH2; 4RIU; 4RIV; 4RN4; 4RUX; 4RUY; 4RUZ; 4WL4; 4WW6; 4XE1; 4Y0J; 4YGJ; 4YGK; 4YGL; 4YGN; 4YVY; 4YWP; 4YX4; 4YXI; 4YXO; 4YXU; 4YYT; 4Z0Q; 4Z1E; 4Z1J; 4Z1K; 4Z1N; 4ZAO; 4ZWI; 4ZWX; 4ZWY; 4ZWZ; 4ZX0; 4ZX1; 5A6H; 5AMD; 5AMG; 5AML; 5BNL; 5BRU; 5BRV; 5BRW; 5BYI; 5C8I; 5CA2; 5CAC; 5CLU; 5DOG; 5DOH; 5DRS; 5DSK; 5DSL; 5DSM; 5DSO; 5DSP; 5DSQ; 5DSR; 5E28; 5E2K; 5E2R; 5E2S; 5EH5; 5EH7; 5EH8; 5EHE; 5EHV; 5EHW; 5EIJ; 5EKH; 5EKJ; 5EKM; 5EOI; 5FDC; 5FDI; 5FLO; 5FLP; 5FLQ; 5FLR; 5FLS; 5FLT; 5FNG; 5FNH; 5FNI; 5FNJ; 5FNK; 5FNL; 5FNM; 5G01; 5G03; 5G0B; 5G0C; 5GMN; 5J8Z; 5JDV; 5JE7; 5JEG; 5JEH; 5JEP; 5JES; 5JG3; 5JG5; 5JGS; 5JGT; 5JMZ; 5JN3; 5JN7; 5JQ0; 5JQT; 5L3O; 5L6K; 5L6T; 5L70; 5L9E; 5LJQ; 5LJT; 5LL4; 5LL8; 5LLC; 5LLE; 5LLG; 5LLH; 5LMD; 5LVS; 5M78; 5MJN; 5N0D; 5N0E; 5N1R; 5N1S; 5N24; 5N25; 5NEA; 5NEE; 5NXG; 5NXI; 5NXM; 5NXO; 5NXP; 5NXV; 5NXW; 5NY1; 5NY3; 5NY6; 5NYA; 5O07; 5OGN; 5OGO; 5OGP; 5SZ0; 5SZ1; 5SZ2; 5SZ3; 5SZ4; 5SZ5; 5SZ6; 5SZ7; 5T71; 5T72; 5T74; 5T75; 5TFX; 5TH4; 5THI; 5THJ; 5THN; 5TI0; 5TXY; 5TY1; 5TY8; 5TY9; 5TYA; 5U0D; 5U0E; 5U0F; 5U0G; 5ULN; 5UMC; 5VGY; 5W8B; 5WEX; 5WG7; 5WGP; 5WLR; 5WLT; 5WLU; 5WLV; 5Y2R; 5Y2S; 5YUI; 5YUJ; 5YUK; 5ZXW; 6B4D; 6B59; 6B5A; 6BBS; 6BC9; 6BCC; 6C7W; 6C7X; 6CA2; 6CEH; 6CJV; 6D1L; 6D1M; 6E8P; 6E8X; 6E91; 6E92; 6EBE; 6ECZ; 6EDA; 6EEA; 6EEH; 6EEO; 6EQU; 6FJI; 6FJJ; 6G3Q; 6G6T; 6GCY; 6GDC; 6GM9; 6GOT; 6GXB; 6GXE; 6H29; 6H2Z; 6H33; 6H34; 6H3Q; 6H6S; 6HD2; 6HQX; 6HR3; 6HX5; 6HXD; 6HZX; 6I0W; 6I1U; 6I2F; 6I3E; 6IC2; 6KLZ; 6KM0; 6KM1; 6KM2; 6KM3; 6KM4; 6KM5; 6KM6; 6LUU; 6LUV; 6LUW; 6LUX; 6LUY; 6LUZ; 6LV1; 6LV2; 6LV3; 6LV4; 6LV5; 6LV6; 6LV7; 6LV8; 6LV9; 6LVA; 6MBV; 6MBY; 6NLV; 6NM0; 6ODZ; 6OE0; 6OE1; 6OTI; 6OTK; 6OTM; 6OTO; 6OTP; 6OTQ; 6OUB; 6OUD; 6OUE; 6OUF; 6OUH; 6OUI; 6OUJ; 6OUK; 6OUM; 6PDV; 6PEA; 6PGX; 6Q3O; 6Q9T; 6QEB; 6QL1; 6QL2; 6QL3; 6R6F; 6R6J; 6RFH; 6RG3; 6RG4; 6RG5; 6RH4; 6RHJ; 6RHK; 6RIG; 6RIT; 6RJJ; 6RKN; 6RL9; 6RM1; 6RMP; 6RMX; 6RMY; 6RNP; 6ROB; 6ROE; 6ROF; 6RQI; 6RRG; 6RRI; 6RS5; 6RSZ; 6RVF; 6RVK; 6RVL; 6RW1; 6RZX; 6S03; 6S9G; 6S9Z; 6SAC; 6SAS; 6SAY; 6SB7; 6SBH; 6SBL; 6SBM; 6SD7; 6SDH; 6SDI; 6SDJ; 6SDL; 6SDS; 6SEY; 6SFQ; 6SFU; 6SG0; 6SG6; 6SX9; 6SYB; 6SYS; 6T4N; 6T4O; 6T4P; 6T5C; 6T7U; 6T81; 6T9Z; 6U4Q; 6U4T; 6UFB; 6UFC; 6UFD; 6UGN; 6UGO; 6UGP; 6UGQ; 6UGR; 6UGZ; 6UH0; 6UX1; 6UZU; 6VJ3; 6VKG; 6WKA; 6WQ4; 6WQ5; 6WQ7; 6WQ8; 6WQ9; 6XVH; 6XWZ; 6XXT; 6YH4; 6YH5; 6YH6; 6YH7; 6YH8; 6YH9; 6YHA; 6YHB; 6YHC; 6YJ3; 6YKC; 6YKH; 6YMA; 6YMB; 6YO2; 6YO4; 6YO7; 6YOI; 6YOK; 6YOL; 6YPW; 6YQT; 6YQU; 6YRI; 6YZJ; 6YZK; 6YZL; 6YZM; 6YZN; 6YZO; 6YZP; 6YZQ; 6YZR; 6YZS; 6YZT; 6YZU; 6YZV; 6YZW; 6YZX; 6Z04; 6ZR8; 7A6V; 7AEQ; 7AES; 7AGN; 7ASJ; 7BFA; 7BG5; 7BHH; 7BI5; 7CA2; 7JNR; 7JNV; 7JNW; 7JNX; 7JNZ; 7JO0; 7JO1; 7JO2; 7JO3; 7JOB; 7JOC; 7K6I; 7K6J; 7K6K; 7K6L; 7K6T; 7K6U; 7K6X; 7K6Z; 7M23; 7M24; 7M26; 7MU3; 7NH6; 7NH8; 7NTB; 7NZR; 7NZS; 7NZT; 7NZU; 7NZW; 7NZX; 7OK8; 7ONV; 7ORP; 7ORQ; 7OYM; 7OYN; 7OYO; 7OYP; 7OYQ; 7OYR; 7Q0C; 7Q0E; 7QBH; 7QGX; 7QGY; 7QGZ; 7QNV; 7QRK; 7QSE; 7QSI; 7QZX; 7R1X; 7RNY; 7RNZ; 7RRE; 7RRF; 7SUW; 7SUY; 7SV1; 7SV8; 7U5W; 7U5X; 7Y2A; 7Y2C; 7Y2E; 7Y2F; 7Y2G; 7Y2H; 7Y2I; 7Y2J; 7Y2K; 7Y2L; 7Y2M; 7Y2N; 7Y2O; 7Y2Q; 7Y2R; 7Y2S; 7Y2T; 7Y2U; 7Y2V; 7Y2W; 7Y2X; 7YWT; 7ZL6; 7ZWB; 8AA6; 8AAE; 8B29; 8BJX; 8BOE; 8BZZ; 8C0Q; 8C0R; 8CA2; 8CR0; 8DJ9; 8EM3; 8EMU; 8EXC; 8EXG; 8EYL; 8FAL; 8FAU; 8FQX; 8FQY; 8FQZ; 8FR1; 8FR2; 8FR4; 8IGF; 8J2O; 8JEE; 8OGD; 8OGE; 8OGF; 8OKE; 8OKG; 8OKJ; 8OKO; 8OKP; 8OKQ; 8OKT; 8OLA; 8OLF; 8OLI; 8OLK; 8OLM; 8OMB; 8OMH; 8OMN; 8OMP; 8OO8; 8OTP; 8OUB; 8P6U; 8PHL; 8Q0C; 8R1I; 8SAF; 8SAG; 8SD1; 8SD6; 8SD7; 8SD8; 8SD9; 8SF1; 8ZWV; 9CA2,CA2,CA2,HGNC:1373,Humans,DB01031
342,Alpha-2C adrenergic receptor,ADRA2C,178194,J03853,P18825,ADA2C_HUMAN,6KUW,ADRA2C,ADRA2C,HGNC:283,Humans,DB01577
346,"Glutamate receptor ionotropic, kainate 1",GRIK1,455448,L19058,P39086,GRIK1_HUMAN,2ZNS; 2ZNT; 2ZNU; 3FUZ; 3FV1; 3FV2; 3FVG; 3FVK; 3FVN; 3FVO; 4MF3,GRIK1,GRIK1,HGNC:4579,Humans,DB00237
365,"Glutamate receptor ionotropic, NMDA 1",GRIN1,219920,D13515,Q05586,NMDZ1_HUMAN,2HQW; 2NR1; 3BYA; 5H8F; 5H8H; 5H8N; 5H8Q; 5I2K; 5I2N; 5KCJ; 5KDT; 5TP9; 5TPA; 6IRA; 6IRF; 6IRG; 6IRH; 7EOQ; 7EOR; 7EOS; 7EOT; 7EOU; 7EU7; 7EU8; 7YFF; 7YFL; 7YFM; 7YFO; 7YFR; 8E92; 8E93; 8E94; 8E96; 8E97; 8E98; 8E99; 8JIZ; 8JJ0; 8JJ1; 8JJ2; 8UUE,GRIN1,GRIN1,HGNC:4584,Humans,DB03575
381,Gamma-aminobutyric acid receptor subunit alpha-2,GABRA2,386422,S62907,P47869,GBRA2_HUMAN,,GABRA2,GABRA2,HGNC:4076,Humans,DB00241; DB00306; DB00371; DB01351; DB01352; DB01353; DB01483; DB01496; DB01567
393,5-hydroxytryptamine receptor 2B,HTR2B,475198,X77307,P41595,5HT2B_HUMAN,4IB4; 4NC3; 5TUD; 5TVN; 6DRX; 6DRY; 6DRZ; 6DS0; 7SRQ; 7SRR; 7SRS,HTR2B,HTR2B,HGNC:5294,Humans,DB00574; DB01454; DB04829; DB14010
396,"Glutamate receptor ionotropic, NMDA 2D",GRIN2D,2444026,U77783,O15399,NMDE4_HUMAN,7YFF; 7YFL; 7YFM; 7YFO; 7YFR; 8E96,GRIN2D,GRIN2D,HGNC:4588,Humans,DB01520
417,"Glutamate receptor ionotropic, NMDA 2B",GRIN2B,1899202,U90278,Q13224,NMDE2_HUMAN,5EWJ; 5EWL; 5EWM; 7EU8; 7KL0; 7KL1; 7KL2; 7UIS; 7UJP; 7UJQ; 7UJR; 7UJS; 7UJT,GRIN2B,GRIN2B,HGNC:4586,Humans,DB01520; DB03575
420,Delta-type opioid receptor,OPRD1,27545517,U07882,P41143,OPRD_HUMAN,4N6H; 4RWA; 4RWD; 6PT2; 6PT3; 8F7S,OPRD1,OPRD1,HGNC:8153,Humans,DB00318; DB00327; DB00497; DB00611; DB00647; DB00813; DB00921; DB00956; DB01081; DB01439; DB01444; DB01452; DB01462; DB01497; DB01535; DB01548; DB01565; DB01571; DB09173; DB09174; DB09209; DB11130
451,5-hydroxytryptamine receptor 2A,HTR2A,36431,S42168,P28223,5HT2A_HUMAN,6A93; 6A94; 6WGT; 6WH4; 6WHA; 7RAN; 7VOD; 7VOE; 7WC4; 7WC5; 7WC6; 7WC7; 7WC8; 7WC9; 8JT8; 8UWL; 8V6U; 8ZMG,HTR2A,HTR2A,HGNC:5293,Humans,DB00574; DB01442; DB01445; DB01454; DB01465; DB01467; DB01484; DB01488; DB01528; DB01537; DB04829; DB14010
454,"Glutamate receptor ionotropic, NMDA 2C",GRIN2C,1196449,L76224,Q14957,NMDE3_HUMAN,8E92; 8E93; 8E94; 8E97; 8E98; 8E99,GRIN2C,GRIN2C,HGNC:4587,Humans,DB01520
471,Gamma-aminobutyric acid receptor subunit alpha-5,GABRA5,182916,L08485,P31644,GBRA5_HUMAN,5O8F; 5OJM; 6A96; 8BEJ; 8BGI; 8BHA; 8BHB; 8BHG; 8BHI; 8BHK; 8BHM; 8BHO; 8BHQ; 8BHR; 8BHS,GABRA5,GABRA5,HGNC:4079,Humans,DB00241; DB00306; DB00371; DB01351; DB01352; DB01353; DB01483; DB01496; DB01567
478,Gamma-aminobutyric acid receptor subunit alpha-4,GABRA4,905393,U30461,P48169,GBRA4_HUMAN,7QN5; 7QN7; 7QN9; 7QNA; 7QNC,GABRA4,GABRA4,HGNC:4078,Humans,DB00241; DB00306; DB00371; DB01351; DB01352; DB01353; DB01483; DB01496
486,Sodium-dependent noradrenaline transporter,SLC6A2,189258,M65105,P23975,SC6A2_HUMAN,8HFE; 8HFF; 8HFG; 8HFI; 8HFL; 8I3V; 8WGR; 8WGX; 8WTU; 8WTV; 8WTW; 8WTX; 8WTY; 8XB2; 8XB3; 8XB4; 8Y8Z; 8Y90; 8Y91; 8Y92; 8Y93; 8Y94; 8Y95; 8YR2; 8Z1L,SLC6A2,SLC6A2,HGNC:11048,Humans,DB00182; DB00191; DB00830; DB00907; DB00937; DB01105; DB01442; DB01454; DB01509; DB01576; DB01577; DB01579; DB04836
501,Alpha-1A adrenergic receptor,ADRA1A,433201,D25235,P35348,ADA1A_HUMAN,7YM8; 7YMH; 7YMJ; 8HN1; 8THK; 8THL,ADRA1A,ADRA1A,HGNC:277,Humans,DB00865; DB01472; DB01579
523,Gamma-aminobutyric acid receptor subunit alpha-3,GABRA3,386424,S62908,P34903,GBRA3_HUMAN,,GABRA3,GABRA3,HGNC:4077,Humans,DB00241; DB00306; DB00371; DB01351; DB01352; DB01353; DB01483; DB01496; DB01567
533,5-hydroxytryptamine receptor 2C,HTR2C,338028,M81778,P28335,5HT2C_HUMAN,6BQG; 6BQH; 8DPF; 8DPG; 8DPH; 8DPI; 8ZMF,HTR2C,HTR2C,HGNC:5295,Humans,DB00574; DB01191; DB01454; DB01537; DB14010
534,"Glutamate receptor ionotropic, NMDA 3B",GRIN3B,3025446,AC004528,O60391,NMD3B_HUMAN,,GRIN3B,GRIN3B,HGNC:16768,Humans,DB01520
560,Muscarinic acetylcholine receptor M2,CHRM2,177990,M16404,P08172,ACM2_HUMAN,3UON; 4MQS; 4MQT; 5YC8; 5ZK3; 5ZK8; 5ZKB; 5ZKC; 6OIK; 6U1N; 7T8X; 7T90; 7T94; 7T96; 8J8R; 8J97; 8JAF,CHRM2,CHRM2,HGNC:1951,Humans,DB00907
572,Alpha-2B adrenergic receptor,ADRA2B,178198,M34041,P18089,ADA2B_HUMAN,6K41; 6K42,ADRA2B,ADRA2B,HGNC:282,Humans,DB01577
575,Alpha-1B adrenergic receptor,ADRA1B,,M99589,P35368,ADA1B_HUMAN,,ADRA1B,ADRA1B,HGNC:278,Humans,DB01576; DB01577; DB01579
592,Aldo-keto reductase family 1 member C3,AKR1C3,4261711,S68288,P42330,AK1C3_HUMAN,1RY0; 1RY8; 1S1P; 1S1R; 1S2A; 1S2C; 1XF0; 1ZQ5; 2F38; 2FGB; 3R43; 3R58; 3R6I; 3R7M; 3R8G; 3R8H; 3R94; 3UFY; 3UG8; 3UGR; 3UWE; 4DBS; 4DBU; 4DBW; 4DZ5; 4FA3; 4FAL; 4FAM; 4H7C; 4HMN; 4WDT; 4WDU; 4WDW; 4WDX; 4WRH; 4XVD; 4XVE; 4YVV; 4YVX; 4ZFC; 5HNT; 5HNU; 6A7B; 6F2U; 6F78; 6GXK; 7C7F; 7C7G; 7C7H; 7WQM; 7WQR; 7WQS; 7X3L; 7X3M; 7X3O; 8BBS; 8I0C; 8JP1; 8RB6; 9FFD,AKR1C3,AKR1C3,HGNC:386,Humans,DB01536
632,Kappa-type opioid receptor,OPRK1,532060,U11053,P41145,OPRK_HUMAN,4DJH; 6B73; 6VI4; 7T10; 7T11; 7UL2; 7UL3; 7UL5; 7Y1F; 7YIT; 7YMJ; 8DZP; 8DZQ; 8DZR; 8DZS; 8F7W; 8FEG; 8HNN; 8K2W,OPRK1,OPRK1,HGNC:8154,Humans,DB00318; DB00327; DB00497; DB00611; DB00647; DB00813; DB00921; DB01439; DB01452; DB01462; DB01497; DB01535; DB01548; DB01565; DB01571; DB09173; DB09174; DB09209; DB11130
640,Glutamate receptor 1,GRIA1,183281,M64752,P42261,GRIA1_HUMAN,6X5Q,GRIA1,GRIA1,HGNC:4571,Humans,DB00237; DB05047
641,"Glutamate receptor ionotropic, NMDA 3A",GRIN3A,20372905,AJ416950,Q8TCU5,NMD3A_HUMAN,8USW; 8USX; 8UUE,GRIN3A,GRIN3A,HGNC:16767,Humans,DB01520; DB01549; DB03575
647,Sodium-dependent dopamine transporter,SLC6A3,553260,M96670,Q01959,SC6A3_HUMAN,8VBY; 8Y2C; 8Y2D; 8Y2E; 8Y2F; 8Y2G; 9EO4,SLC6A3,SLC6A3,HGNC:11049,Humans,DB00182; DB00191; DB00830; DB00865; DB00907; DB00937; DB01105; DB01442; DB01454; DB01463; DB01472; DB01509; DB01576; DB01577; DB04836
650,5-hydroxytryptamine receptor 7,HTR7,1857143,U68487,P34969,5HT7R_HUMAN,7XTC,HTR7,HTR7,HGNC:5302,Humans,DB01445
659,5-hydroxytryptamine receptor 1D,HTR1D,177772,M89955,P28221,5HT1D_HUMAN,7E32,HTR1D,HTR1D,HGNC:5289,Humans,DB00574; DB01445; DB01465; DB01484
668,Mineralocorticoid receptor,NR3C2,307166,M16801,P08235,MCR_HUMAN,1Y9R; 1YA3; 2A3I; 2AA2; 2AA5; 2AA6; 2AA7; 2AAX; 2AB2; 2ABI; 2OAX; 3VHU; 3VHV; 3WFF; 3WFG; 4PF3; 4TNT; 4UDA; 4UDB; 5HCV; 5L7E; 5L7G; 5L7H; 5MWP; 5MWY; 6GEV; 6GG8; 6GGG; 6L88,NR3C2,NR3C2,HGNC:7979,Humans,DB02901
715,Alpha-1D adrenergic receptor,ADRA1D,177807,M76446,P25100,ADA1D_HUMAN,,ADRA1D,ADRA1D,HGNC:280,Humans,DB01472
736,Translocator protein,TSPO,306883,M36035,P30536,TSPO_HUMAN,,TSPO,TSPO,HGNC:1158,Humans,DB00404; DB00475; DB00628; DB00683; DB00690; DB00801; DB00829; DB01215; DB01544; DB01559; DB01567; DB01588; DB01589
749,Sodium-dependent serotonin transporter,SLC6A4,36433,X70697,P31645,SC6A4_HUMAN,5I6X; 5I6Z; 5I71; 5I73; 5I74; 5I75; 6AWN; 6AWO; 6AWP; 6AWQ; 6DZV; 6DZW; 6DZY; 6DZZ; 6VRH; 6VRK; 6VRL; 6W2B; 6W2C; 7LI6; 7LI7; 7LI8; 7LI9; 7LIA; 7LWD; 7MGW; 7TXT,SLC6A4,SLC6A4,HGNC:11050,Humans,DB00182; DB00191; DB00574; DB00907; DB00937; DB01105; DB01191; DB01442; DB01454; DB01472; DB01509; DB01556; DB01577; DB04836
756,D(2) dopamine receptor,DRD2,181432,M30625,P14416,DRD2_HUMAN,5AER; 6CM4; 6LUQ; 6VMS; 7DFP; 7JVR; 8IRS; 8TZQ; 8U02,DRD2,DRD2,HGNC:3023,Humans,DB00182; DB01463; DB01549; DB01577
760,"Glutamate receptor ionotropic, NMDA 2A",GRIN2A,558749,U09002,Q12879,NMDE1_HUMAN,3NFL; 5H8F; 5H8H; 5H8N; 5H8Q; 5I2K; 5I2N; 5KCJ; 5KDT; 5TP9; 5TPA; 6IRA; 6IRF; 6IRG; 6IRH; 7EOQ; 7EOR; 7EOS; 7EOT; 7EOU; 7EU7; 8E99; 8JIZ; 8JJ0; 8JJ1; 8JJ2,GRIN2A,GRIN2A,HGNC:4585,Humans,DB01520; DB03575
764,Gamma-aminobutyric acid receptor subunit alpha-6,GABRA6,1470364,S81944,Q16445,GBRA6_HUMAN,,GABRA6,GABRA6,HGNC:4080,Humans,DB00241; DB00306; DB00371; DB01351; DB01352; DB01353; DB01483; DB01496
770,Mu-type opioid receptor,OPRM1,452073,L25119,P35372,OPRM_HUMAN,8EF5; 8EF6; 8EFB; 8EFL; 8EFO; 8EFQ; 8F7Q; 8F7R; 8K9K; 8K9L,OPRM1,OPRM1,HGNC:8156,Humans,DB00318; DB00327; DB00497; DB00611; DB00647; DB00802; DB00813; DB00913; DB00921; DB00956; DB01081; DB01433; DB01439; DB01444; DB01452; DB01462; DB01466; DB01497; DB01501; DB01535; DB01548; DB01551; DB01565; DB01571; DB09173; DB09174; DB09209; DB11130
792,Estrogen receptor beta,ESR2,2911152,AB006590,Q92731,ESR2_HUMAN,1L2J; 1NDE; 1QKM; 1U3Q; 1U3R; 1U3S; 1U9E; 1X76; 1X78; 1X7B; 1X7J; 1YY4; 1YYE; 1ZAF; 2FSZ; 2GIU; 2I0G; 2JJ3; 2NV7; 2QTU; 2YJD; 2YLY; 2Z4B; 3OLL; 3OLS; 3OMO; 3OMP; 3OMQ; 4J24; 4J26; 4ZI1; 5TOA; 7XVY; 7XVZ; 7XWP; 7XWQ; 7XWR,ESR2,ESR2,HGNC:3468,Humans,DB01524
794,Glucocorticoid receptor,NR3C1,31680,X03225,P04150,GCR_HUMAN,1M2Z; 1NHZ; 1P93; 3BQD; 3CLD; 3E7C; 3H52; 3K22; 3K23; 4CSJ; 4HN5; 4HN6; 4LSJ; 4MDD; 4P6W; 4P6X; 4UDC; 4UDD; 5CBX; 5CBY; 5CBZ; 5CC1; 5E69; 5E6A; 5E6B; 5E6C; 5E6D; 5EMC; 5EMP; 5EMQ; 5G3J; 5G5W; 5NFP; 5NFT; 5UC1; 5UC3; 5VA0; 5VA7; 6BQU; 6CFN; 6DXK; 6EL6; 6EL7; 6EL9; 6X6D; 6X6E; 6YMO; 6YO8; 6YOS; 7KRJ; 7KW7; 7PRV; 7PRW; 7PRX; 8A9G; 8FFV; 8FFW; 8VKZ,NR3C1,NR3C1,HGNC:7978,Humans,DB01185
795,Gamma-aminobutyric acid receptor subunit alpha-1,GABRA1,31631,X13584,P14867,GBRA1_HUMAN,6CDU; 6D1S; 6D6T; 6D6U; 6HUG; 6HUJ; 6HUK; 6HUO; 6HUP; 6I53; 6X3S; 6X3T; 6X3U; 6X3V; 6X3W; 6X3X; 6X3Z; 6X40; 7PBD; 7PBZ; 7PC0; 7QNE; 7T0W; 7T0Z; 8DD2; 8DD3; 8SGO; 8SI9; 8SID; 8VQY; 8VRN,GABRA1,GABRA1,HGNC:4075,Humans,DB00189; DB00237; DB00241; DB00306; DB00349; DB00371; DB00962; DB01107; DB01351; DB01352; DB01353; DB01437; DB01483; DB01496; DB01567
797,5-hydroxytryptamine receptor 1B,HTR1B,219679,D10995,P28222,5HT1B_HUMAN,4IAQ; 4IAR; 5V54; 6G79; 7C61,HTR1B,HTR1B,HGNC:5287,Humans,DB08804
826,"Glutamate receptor ionotropic, kainate 2",GRIK2,790532,U16126,Q13002,GRIK2_HUMAN,3QXM; 5CMM,GRIK2,GRIK2,HGNC:4580,Humans,DB00237; DB00241; DB00306; DB01351; DB01352; DB01353; DB01483; DB01496
827,"Glutamate receptor ionotropic, kainate 4",GRIK4,544590,S67803,Q16099,GRIK4_HUMAN,,GRIK4,GRIK4,HGNC:4582,Humans,DB00237
828,"Glutamate receptor ionotropic, kainate 5",GRIK5,251840,S40369,Q16478,GRIK5_HUMAN,,GRIK5,GRIK5,HGNC:4583,Humans,DB00237
829,Glutamate receptor 2,GRIA2,493134,L20814,P42262,GRIA2_HUMAN,2WJW; 2WJX; 2XHD; 3R7X; 3RN8; 3RNN; 3UA8; 5H8S; 5YBF; 5YBG; 5ZG0; 5ZG1; 5ZG2; 5ZG3; 7F3O; 8I0B,GRIA2,GRIA2,HGNC:4572,Humans,DB00237; DB00241; DB00306; DB01351; DB01352; DB01353; DB01483; DB01496; DB05047
830,Glutamate receptor 4,GRIA4,790538,U16129,P48058,GRIA4_HUMAN,,GRIA4,GRIA4,HGNC:4574,Humans,DB00237; DB05047
831,Glutamate receptor 3,GRIA3,507829,U10302,P42263,GRIA3_HUMAN,,GRIA3,GRIA3,HGNC:4573,Humans,DB00237; DB05047
832,"Glutamate receptor ionotropic, kainate 3",GRIK3,790534,U16127,Q13003,GRIK3_HUMAN,,GRIK3,GRIK3,HGNC:4581,Humans,DB00237
849,Neuronal acetylcholine receptor subunit alpha-4,CHRNA4,755648,L35901,P43681,ACHA4_HUMAN,2LLY; 5KXI; 6CNJ; 6CNK; 6UR8; 6USF; 8SSZ; 8ST0; 8ST1; 8ST2; 8ST3; 8ST4,CHRNA4,CHRNA4,HGNC:1958,Humans,DB00241; DB00306; DB01351; DB01352; DB01353; DB01483; DB01496
858,Insulin-like growth factor 1 receptor,IGF1R,804990,X04434,P08069,IGF1R_HUMAN,1IGR; 1JQH; 1K3A; 1M7N; 1P4O; 2OJ9; 2ZM3; 3D94; 3F5P; 3I81; 3LVP; 3LW0; 3NW5; 3NW6; 3NW7; 3O23; 3QQU; 4D2R; 4XSS; 5FXQ; 5FXR; 5FXS; 5HZN; 5U8Q; 5U8R; 6JK8; 6VWG; 6VWH; 6VWI; 6VWJ; 7PH8; 7S0Q; 7S8V; 7U23; 7V3P; 7XGD; 7XLC; 7YRR; 8PYI; 8PYJ; 8PYK; 8PYL; 8PYM; 8PYN; 8TAN,IGF1R,IGF1R,HGNC:5465,Humans,DB08804
867,Cocaine- and amphetamine-regulated transcript protein,CARTPT,609306,U16826,Q16568,CART_HUMAN,1HY9,CARTPT,CARTPT,HGNC:24323,Humans,DB00182
924,Adenosine receptor A2a,ADORA2A,177892,M97370,P29274,AA2AR_HUMAN,2YDO; 2YDV; 3EML; 3PWH; 3QAK; 3REY; 3RFM; 3UZA; 3UZC; 3VG9; 3VGA; 4EIY; 4UG2; 4UHR; 5G53; 5IU4; 5IU7; 5IU8; 5IUA; 5IUB; 5JTB; 5K2A; 5K2B; 5K2C; 5K2D; 5MZJ; 5MZP; 5N2R; 5NLX; 5NM2; 5NM4; 5OLG; 5OLH; 5OLO; 5OLV; 5OLZ; 5OM1; 5OM4; 5UIG; 5UVI; 5VRA; 5WF5; 5WF6; 6AQF; 6GDG; 6GT3; 6JZH; 6LPJ; 6LPK; 6LPL; 6MH8; 6PS7; 6S0L; 6S0Q; 6WQA; 6ZDR; 6ZDV; 7ARO; 7EZC; 7PX4; 7PYR; 7RM5; 7T32; 8A2O; 8A2P; 8C9W; 8CIC; 8CU6; 8CU7; 8DU3; 8GNE; 8GNG; 8JWY; 8JWZ; 8PWN; 8RQQ; 8WDT,ADORA2A,ADORA2A,HGNC:263,Humans,DB00683
945,5-hydroxytryptamine receptor 6,HTR6,1162924,L41147,P50406,5HT6R_HUMAN,7XTB; 7YS6; 8JLZ,HTR6,HTR6,HGNC:5301,Humans,DB01445; DB01460; DB01488; DB04829; DB14010
947,Pro-opiomelanocortin,POMC,190188,M38297,P01189,COLI_HUMAN,4XNH; 4XPD; 4Y49; 6TUB; 7F53; 7F54; 7PIV; 8F7Q; 8INR; 8IOC,POMC,POMC,HGNC:9201,Humans,DB01497; DB01565
956,Nuclear receptor subfamily 1 group I member 2,NR1I2,3511138,AF061056,O75469,NR1I2_HUMAN,1ILG; 1ILH; 1M13; 1NRL; 1SKX; 2O9I; 2QNV; 3CTB; 3HVL; 3R8D; 4J5W; 4J5X; 4NY9; 4S0S; 4S0T; 4X1F; 4X1G; 4XAO; 4XHD; 5A86; 5X0R; 6BNS; 6DUP; 6HJ2; 6HTY; 6NX1; 6P2B; 6S41; 6TFI; 6XP9; 7AX8; 7AX9; 7AXA; 7AXB; 7AXC; 7AXD; 7AXE; 7AXF; 7AXG; 7AXH; 7AXI; 7AXJ; 7AXK; 7AXL; 7N2A; 7RIO; 7RIU; 7RIV; 7YFK; 8CCT; 8CF9; 8CH8; 8E3N; 8EQZ; 8F5Y; 8FPE; 8SVN; 8SVO; 8SVP; 8SVQ; 8SVR; 8SVS; 8SVT; 8SVU; 8SVX; 8SZV,NR1I2,NR1I2,HGNC:7968,Humans,DB01068
979,Natriuretic peptides B,NPPB,179515,M31776,P16860,ANFB_HUMAN,1YK1; 3N56,NPPB,NPPB,HGNC:7940,Humans,DB06412
1032,ATP-dependent translocase ABCB1,ABCB1,307180,M14758,P08183,MDR1_HUMAN,6C0V; 6FN1; 6FN4; 6QEX; 7A65; 7A69; 7A6C; 7A6E; 7A6F; 7O9W; 8Y6H; 8Y6I,ABCB1,ABCB1,HGNC:40,Humans,DB00813
1044,Trace amine-associated receptor 1,TAAR1,14600074,AF380185,Q96RJ0,TAAR1_HUMAN,8JLN; 8JLO; 8JLP; 8JLQ; 8JLR; 8JSO; 8UHB; 8W87; 8W88; 8W89; 8W8A; 8WC8; 8WCA; 8ZSJ; 8ZSP; 8ZSS,TAAR1,TAAR1,HGNC:17734,Humans,DB00182; DB01576; DB01577
1063,E3 ubiquitin-protein ligase TRIM13,TRIM13,3133092,AJ224819,O60858,TRI13_HUMAN,,TRIM13,TRIM13,HGNC:9976,Humans,DB01497; DB01548; DB01565
1126,Protein c-Fos,FOS,29904,V01512,P01100,FOS_HUMAN,1A02; 1FOS; 1S9K,FOS,FOS,HGNC:3796,Humans,DB08804
1607,Steroid Delta-isomerase,ksi,151322,M22749,P00947,SDIS_COMTE,1BUQ; 1ISK; 1OCV; 1OGZ; 1OHP; 1OHS; 1QJG; 3M8C; 3MHE; 3MKI; 3MYT; 3NBR; 3NHX; 3NM2; 3NUV; 3NXJ; 3OV4; 3T8U; 3UNL; 4L7K; 8CHO,,,,Comamonas testosteroni,DB01561
1638,6-deoxyerythronolide B hydroxylase,eryF,48942,X60379,Q00441,CPXJ_SACEN,1EGY; 1EUP; 1JIN; 1JIO; 1JIP; 1OXA; 1Z8O; 1Z8P; 1Z8Q,,,,Saccharopolyspora erythraea (strain NRRL 23338),DB01536
2090,Aromatase,CYP19A1,179002,M22246,P11511,CP19A_HUMAN,3EQM; 3S79; 3S7S; 4GL5; 4GL7; 4KQ8; 5JKV; 5JKW; 5JL6; 5JL7; 5JL9,CYP19A1,CYP19A1,HGNC:2594,Humans,DB01536
2196,Amine oxidase [flavin-containing] B,MAOB,398415,S62734,P27338,AOFB_HUMAN,1GOS; 1OJ9; 1OJA; 1OJC; 1OJD; 1S2Q; 1S2Y; 1S3B; 1S3E; 2BK3; 2BK4; 2BK5; 2BYB; 2C64; 2C65; 2C66; 2C67; 2C70; 2C72; 2C73; 2C75; 2C76; 2V5Z; 2V60; 2V61; 2VRL; 2VRM; 2VZ2; 2XCG; 2XFN; 2XFO; 2XFP; 2XFQ; 2XFU; 3PO7; 3ZYX; 4A79; 4A7A; 4CRT; 5MRL; 6FVZ; 6FW0; 6FWC; 6RKB; 6RKP; 6RLE; 6YT2; 7B0V; 7B0Z; 7P4F; 7P4H; 7ZW3,MAOB,MAOB,HGNC:6834,Humans,DB00182; DB00191; DB01442; DB01472; DB01577
2198,Amine oxidase [flavin-containing] A,MAOA,187353,M68840,P21397,AOFA_HUMAN,2BXR; 2BXS; 2Z5X; 2Z5Y,MAOA,MAOA,HGNC:6833,Humans,DB00191; DB01442; DB01472; DB01577
2201,"Peptide deformylase, mitochondrial",PDF,11320944,AF239156,Q9HBH1,DEFM_HUMAN,3G5K; 3G5P,PDF,PDF,HGNC:30012,Humans,DB00371
2340,Gamma-aminobutyric acid type B receptor subunit 2,GABBR2,3776098,AJ012188,O75899,GABR2_HUMAN,4F11; 4F12; 4MQE; 4MQF; 4MR7; 4MR8; 4MR9; 4MRM; 4MS1; 4MS3; 4MS4; 4PAS; 6M8R; 6OCP; 6UO8; 6UO9; 6UOA; 6VJM; 6W2X; 6WIV; 7C7Q; 7C7S; 7CA3; 7CA5; 7CUM; 7EB2,GABBR2,GABBR2,HGNC:4507,Humans,DB01440
2341,Neuronal acetylcholine receptor subunit alpha-7,CHRNA7,496607,X70297,P36544,ACHA7_HUMAN,2MAW; 5AFH; 5AFJ; 5AFK; 5AFL; 5AFM; 5AFN; 7EKI; 7EKP; 7EKT; 7KOO; 7KOQ; 7KOX; 7RPM; 8C9X; 8CAU; 8CE4; 8CI1; 8CI2; 8F4V; 8P1H; 8UT1; 8UTB; 8UZJ; 8V80; 8V82; 8V86; 8V88; 8V89; 8V8A; 8V8C; 8V8D,CHRNA7,CHRNA7,HGNC:1960,Humans,DB00241; DB00306; DB01351; DB01352; DB01353; DB01483; DB01496; DB01520
2344,Gamma-aminobutyric acid receptor subunit beta-1,GABRB1,31635,X14767,P18505,GBRB1_HUMAN,,GABRB1,GABRB1,HGNC:4081,Humans,DB01567
2345,Gamma-aminobutyric acid receptor subunit beta-3,GABRB3,182925,M82919,P28472,GBRB3_HUMAN,4COF; 5O8F; 5OJM; 6A96; 6HUG; 6HUJ; 6HUK; 6HUO; 6HUP; 6I53; 6QFA; 7PBD; 7PBZ; 7PC0; 7QN5; 7QN6; 7QN7; 7QN8; 7QN9; 7QNA; 7QNB; 7QNC; 7QND; 7QNE; 8PVB,GABRB3,GABRB3,HGNC:4083,Humans,DB01567; DB06716
2346,Gamma-aminobutyric acid receptor subunit beta-2,GABRB2,455946,S67368,P47870,GBRB2_HUMAN,6D6T; 6D6U; 6X3S; 6X3T; 6X3U; 6X3V; 6X3W; 6X3X; 6X3Z; 6X40; 7T0W; 7T0Z; 8DD2; 8DD3; 8SGO; 8SI9; 8SID; 8VQY; 8VRN,GABRB2,GABRB2,HGNC:4082,Humans,DB00189; DB01567; DB06716
2363,Cytochrome P450 2D6,CYP2D6,181350,M20403,P10635,CP2D6_HUMAN,2F9Q; 3QM4; 3TBG; 3TDA; 4WNT; 4WNU; 4WNV; 4WNW; 4XRY; 4XRZ; 5TFT; 5TFU; 6CSB; 6CSD,CYP2D6,CYP2D6,HGNC:2625,Humans,DB01437
2378,Nociceptin receptor,OPRL1,,X77130,P41146,OPRX_HUMAN,4EA3; 5DHG; 5DHH; 8F7X,OPRL1,OPRL1,HGNC:8155,Humans,DB00921; DB01497
2705,Liver carboxylesterase 1,CES1,,M73499,P23141,EST1_HUMAN,1MX1; 1MX5; 1MX9; 1YA4; 1YA8; 1YAH; 1YAJ; 2DQY; 2DQZ; 2DR0; 2H7C; 2HRQ; 2HRR; 3K9B; 4AB1; 5A7F; 5A7G; 5A7H; 8EOR,CES1,CES1,HGNC:1863,Humans,DB00647; DB00907; DB01452
3351,O-GlcNAcase NagJ,nagJ,,BA000016,Q8XL08,OGA_CLOPE,,,,,Clostridium perfringens (strain 13 / Type A),DB04699
3394,Neurotrophic factor BDNF precursor form,BDNF,,M37762,P23560,BDNF_HUMAN,1B8M; 1BND,BDNF,BDNF,HGNC:1033,Humans,DB05047
3431,Protein kinase C epsilon type,PRKCE,,X65293,Q02156,KPCE_HUMAN,2WH0; 5LIH,PRKCE,PRKCE,HGNC:9401,Humans,DB00371
3476,Pro-neuropeptide Y,NPY,,BC029497,P01303,NPY_HUMAN,1QFA; 1RON; 7RTA; 7VGX; 7X9A; 7X9B; 7YOO; 8K6M; 8K6N; 8K6O,NPY,NPY,HGNC:7955,Humans,DB00191
3592,Gamma-aminobutyric acid receptor subunit gamma-2,GABRG2,31637,X15376,P18507,GBRG2_HUMAN,6D6T; 6D6U; 6HUG; 6HUJ; 6HUK; 6HUO; 6HUP; 6I53; 6X3S; 6X3T; 6X3U; 6X3V; 6X3W; 6X3X; 6X3Z; 6X40; 7QNB; 7QNE; 7T0W; 7T0Z; 8DD2; 8DD3; 8SGO; 8SI9; 8SID; 8VQY; 8VRN,GABRG2,,HGNC:4087,Humans,DB01567
3593,Gamma-aminobutyric acid receptor subunit gamma-1,GABRG1,193783776,AK122845,Q8N1C3,GBRG1_HUMAN,,GABRG1,,HGNC:4086,Humans,DB01567
3594,Gamma-aminobutyric acid receptor subunit gamma-3,GABRG3,1754749,S82769,Q99928,GBRG3_HUMAN,,GABRG3,,HGNC:4088,Humans,DB00306; DB00349; DB01567
3595,Gamma-aminobutyric acid receptor subunit epsilon,GABRE,1857126,U66661,P78334,GBRE_HUMAN,,GABRE,,HGNC:4085,Humans,DB01567
3596,Gamma-aminobutyric acid receptor subunit pi,GABRP,2197001,U95367,O00591,GBRP_HUMAN,,GABRP,,HGNC:4089,Humans,DB01567
3598,Gamma-aminobutyric acid receptor subunit rho-2,GABRR2,456428,M86868,P28476,GBRR2_HUMAN,,GABRR2,,HGNC:4091,Humans,DB01567
3599,Gamma-aminobutyric acid receptor subunit delta,GABRD,2388693,AF016917,O14764,GBRD_HUMAN,7QN5; 7QN6; 7QN7; 7QN8; 7QN9; 7QNC; 7QND,GABRD,,HGNC:4084,Humans,DB01567
3619,Gamma-aminobutyric acid receptor subunit rho-3,GABRR3,,AC026100,A8MPY1,GBRR3_HUMAN,,GABRR3,,HGNC:17969,Humans,DB01567
4674,Chromaffin granule amine transporter,SLC18A1,,,P54219,VMAT1_HUMAN,8TGG; 8TGH; 8TGI; 8TGJ; 8TGK; 8TGL; 8TGM; 8TGN,SLC18A1,,HGNC:10934,Humans,DB01442; DB01577
4688,5-hydroxytryptamine receptor 5A,HTR5A,,,P47898,5HT5A_HUMAN,7UM4; 7UM5; 7UM6; 7UM7; 7X5H,HTR5A,,HGNC:5300,Humans,DB01445
795,Gamma-aminobutyric acid receptor subunit alpha-1,GABRA1,31631,X13584,P14867,GBRA1_HUMAN,6CDU; 6D1S; 6D6T; 6D6U; 6HUG; 6HUJ; 6HUK; 6HUO; 6HUP; 6I53; 6X3S; 6X3T; 6X3U; 6X3V; 6X3W; 6X3X; 6X3Z; 6X40; 7PBD; 7PBZ; 7PC0; 7QNE; 7T0W; 7T0Z; 8DD2; 8DD3; 8SGO; 8SI9; 8SID; 8VQY; 8VRN,GABRA1,GABRA1,HGNC:4075,Humans,DB00189; DB00237; DB00241; DB00306; DB00349; DB00371; DB00404; DB00475; DB00628; DB00683; DB00690; DB00801; DB00829; DB01068; DB01107; DB01215; DB01437; DB01489; DB01511; DB01544; DB01545; DB01558; DB01559; DB01588; DB01589
381,Gamma-aminobutyric acid receptor subunit alpha-2,GABRA2,386422,S62907,P47869,GBRA2_HUMAN,,GABRA2,GABRA2,HGNC:4076,Humans,DB00189; DB00237; DB00241; DB00306; DB00349; DB00371; DB00404; DB00475; DB00628; DB00683; DB00690; DB00801; DB00829; DB01068; DB01107; DB01215; DB01437; DB01489; DB01511; DB01544; DB01545; DB01558; DB01559; DB01588; DB01589
523,Gamma-aminobutyric acid receptor subunit alpha-3,GABRA3,386424,S62908,P34903,GBRA3_HUMAN,,GABRA3,GABRA3,HGNC:4077,Humans,DB00189; DB00237; DB00241; DB00306; DB00349; DB00371; DB00404; DB00475; DB00628; DB00683; DB00690; DB00801; DB00829; DB01068; DB01107; DB01215; DB01437; DB01489; DB01511; DB01544; DB01545; DB01558; DB01559; DB01588; DB01589
478,Gamma-aminobutyric acid receptor subunit alpha-4,GABRA4,905393,U30461,P48169,GBRA4_HUMAN,7QN5; 7QN7; 7QN9; 7QNA; 7QNC,GABRA4,GABRA4,HGNC:4078,Humans,DB00189; DB00237; DB00241; DB00306; DB00349; DB00371; DB00404; DB00475; DB00628; DB00683; DB00690; DB00801; DB00829; DB01068; DB01107; DB01215; DB01437; DB01489; DB01511; DB01544; DB01545; DB01558; DB01559; DB01588; DB01589
471,Gamma-aminobutyric acid receptor subunit alpha-5,GABRA5,182916,L08485,P31644,GBRA5_HUMAN,5O8F; 5OJM; 6A96; 8BEJ; 8BGI; 8BHA; 8BHB; 8BHG; 8BHI; 8BHK; 8BHM; 8BHO; 8BHQ; 8BHR; 8BHS,GABRA5,GABRA5,HGNC:4079,Humans,DB00189; DB00237; DB00241; DB00306; DB00349; DB00371; DB00404; DB00475; DB00628; DB00683; DB00690; DB00801; DB00829; DB01068; DB01107; DB01215; DB01437; DB01489; DB01511; DB01544; DB01545; DB01558; DB01559; DB01588; DB01589
764,Gamma-aminobutyric acid receptor subunit alpha-6,GABRA6,1470364,S81944,Q16445,GBRA6_HUMAN,,GABRA6,GABRA6,HGNC:4080,Humans,DB00189; DB00237; DB00241; DB00306; DB00349; DB00371; DB00404; DB00475; DB00628; DB00683; DB00690; DB00801; DB00829; DB01068; DB01107; DB01215; DB01437; DB01489; DB01511; DB01544; DB01545; DB01558; DB01559; DB01588; DB01589
2344,Gamma-aminobutyric acid receptor subunit beta-1,GABRB1,31635,X14767,P18505,GBRB1_HUMAN,,GABRB1,GABRB1,HGNC:4081,Humans,DB00189; DB00237; DB00241; DB00306; DB00349; DB00371; DB00404; DB00475; DB00628; DB00683; DB00690; DB00801; DB00829; DB01068; DB01107; DB01215; DB01437; DB01489; DB01511; DB01544; DB01545; DB01558; DB01559; DB01588; DB01589
2346,Gamma-aminobutyric acid receptor subunit beta-2,GABRB2,455946,S67368,P47870,GBRB2_HUMAN,6D6T; 6D6U; 6X3S; 6X3T; 6X3U; 6X3V; 6X3W; 6X3X; 6X3Z; 6X40; 7T0W; 7T0Z; 8DD2; 8DD3; 8SGO; 8SI9; 8SID; 8VQY; 8VRN,GABRB2,GABRB2,HGNC:4082,Humans,DB00189; DB00237; DB00241; DB00306; DB00349; DB00371; DB00404; DB00475; DB00628; DB00683; DB00690; DB00801; DB00829; DB01068; DB01107; DB01215; DB01437; DB01489; DB01511; DB01544; DB01545; DB01558; DB01559; DB01588; DB01589
2345,Gamma-aminobutyric acid receptor subunit beta-3,GABRB3,182925,M82919,P28472,GBRB3_HUMAN,4COF; 5O8F; 5OJM; 6A96; 6HUG; 6HUJ; 6HUK; 6HUO; 6HUP; 6I53; 6QFA; 7PBD; 7PBZ; 7PC0; 7QN5; 7QN6; 7QN7; 7QN8; 7QN9; 7QNA; 7QNB; 7QNC; 7QND; 7QNE; 8PVB,GABRB3,GABRB3,HGNC:4083,Humans,DB00189; DB00237; DB00241; DB00306; DB00349; DB00371; DB00404; DB00475; DB00628; DB00683; DB00690; DB00801; DB00829; DB01068; DB01107; DB01215; DB01437; DB01489; DB01511; DB01544; DB01545; DB01558; DB01559; DB01588; DB01589
3599,Gamma-aminobutyric acid receptor subunit delta,GABRD,2388693,AF016917,O14764,GBRD_HUMAN,7QN5; 7QN6; 7QN7; 7QN8; 7QN9; 7QNC; 7QND,GABRD,,HGNC:4084,Humans,DB00189; DB00237; DB00241; DB00306; DB00349; DB00371; DB00404; DB00475; DB00628; DB00683; DB00690; DB00801; DB00829; DB01068; DB01107; DB01215; DB01437; DB01489; DB01511; DB01544; DB01545; DB01558; DB01559; DB01588; DB01589
3595,Gamma-aminobutyric acid receptor subunit epsilon,GABRE,1857126,U66661,P78334,GBRE_HUMAN,,GABRE,,HGNC:4085,Humans,DB00189; DB00237; DB00241; DB00306; DB00349; DB00371; DB00404; DB00475; DB00628; DB00683; DB00690; DB00801; DB00829; DB01068; DB01107; DB01215; DB01437; DB01489; DB01511; DB01544; DB01545; DB01558; DB01559; DB01588; DB01589
3593,Gamma-aminobutyric acid receptor subunit gamma-1,GABRG1,193783776,AK122845,Q8N1C3,GBRG1_HUMAN,,GABRG1,,HGNC:4086,Humans,DB00189; DB00237; DB00241; DB00306; DB00349; DB00371; DB00404; DB00475; DB00628; DB00683; DB00690; DB00801; DB00829; DB01068; DB01107; DB01215; DB01437; DB01489; DB01511; DB01544; DB01545; DB01558; DB01559; DB01588; DB01589
3592,Gamma-aminobutyric acid receptor subunit gamma-2,GABRG2,31637,X15376,P18507,GBRG2_HUMAN,6D6T; 6D6U; 6HUG; 6HUJ; 6HUK; 6HUO; 6HUP; 6I53; 6X3S; 6X3T; 6X3U; 6X3V; 6X3W; 6X3X; 6X3Z; 6X40; 7QNB; 7QNE; 7T0W; 7T0Z; 8DD2; 8DD3; 8SGO; 8SI9; 8SID; 8VQY; 8VRN,GABRG2,,HGNC:4087,Humans,DB00189; DB00237; DB00241; DB00306; DB00349; DB00371; DB00404; DB00475; DB00628; DB00683; DB00690; DB00801; DB00829; DB01068; DB01107; DB01215; DB01437; DB01489; DB01511; DB01544; DB01545; DB01558; DB01559; DB01588; DB01589
3594,Gamma-aminobutyric acid receptor subunit gamma-3,GABRG3,1754749,S82769,Q99928,GBRG3_HUMAN,,GABRG3,,HGNC:4088,Humans,DB00189; DB00237; DB00241; DB00306; DB00349; DB00371; DB00404; DB00475; DB00628; DB00683; DB00690; DB00801; DB00829; DB01068; DB01107; DB01215; DB01437; DB01489; DB01511; DB01544; DB01545; DB01558; DB01559; DB01588; DB01589
3596,Gamma-aminobutyric acid receptor subunit pi,GABRP,2197001,U95367,O00591,GBRP_HUMAN,,GABRP,,HGNC:4089,Humans,DB00189; DB00237; DB00241; DB00306; DB00349; DB00371; DB00404; DB00475; DB00628; DB00683; DB00690; DB00801; DB00829; DB01068; DB01107; DB01215; DB01437; DB01489; DB01511; DB01544; DB01545; DB01558; DB01559; DB01588; DB01589
3597,Gamma-aminobutyric acid receptor subunit theta,GABRQ,7861736,AF189259,Q9UN88,GBRT_HUMAN,,GABRQ,,HGNC:14454,Humans,DB00189; DB00237; DB00241; DB00306; DB00349; DB00371; DB00404; DB00475; DB00628; DB00683; DB00690; DB00801; DB00829; DB01068; DB01107; DB01215; DB01437; DB01489; DB01511; DB01544; DB01545; DB01558; DB01559; DB01588; DB01589
4794,"Solute carrier family 52, riboflavin transporter, member 2",SLC52A2,,,Q9HAB3,S52A2_HUMAN,,SLC52A2,,HGNC:30224,Humans,DB01440
172,Beta-1 adrenergic receptor,ADRB1,178200,J03019,P08588,ADRB1_HUMAN,2LSQ; 7BTS; 7BU6; 7BU7; 7BVQ,ADRB1,ADRB1,HGNC:285,Humans,DB00182
694,Beta-2 adrenergic receptor,ADRB2,29371,Y00106,P07550,ADRB2_HUMAN,1GQ4; 2R4R; 2R4S; 2RH1; 3D4S; 3KJ6; 3NY8; 3NY9; 3NYA; 3P0G; 3PDS; 3SN6; 4GBR; 4LDE; 4LDL; 4LDO; 4QKX; 5D5A; 5D5B; 5D6L; 5JQH; 5X7D; 6E67; 6KR8; 6MXT; 6N48; 6NI3; 6OBA; 6PRZ; 6PS0; 6PS1; 6PS2; 6PS3; 6PS4; 6PS5; 6PS6; 7BZ2; 7DHI; 7DHR; 7XK9; 7XKA; 8GDZ; 8GE1; 8GE2; 8GE3; 8GE4; 8GE5; 8GE6; 8GE7; 8GE8; 8GE9; 8GEA; 8GEB; 8GEC; 8GED; 8GEE; 8GEF; 8GEG; 8GEH; 8GEI; 8GEJ; 8GFV; 8GFW; 8GFX; 8GFY; 8GFZ; 8GG0; 8GG1; 8GG2; 8GG3; 8GG4; 8GG5; 8GG6; 8GG7; 8GG8; 8GG9; 8GGA; 8GGB; 8GGC; 8GGE; 8GGF; 8GGI; 8GGJ; 8GGK; 8GGL; 8GGM; 8GGN; 8GGO; 8GGP; 8GGQ; 8GGR; 8GGS; 8GGT; 8GGU; 8GGV; 8GGW; 8GGX; 8GGY; 8GGZ; 8GH0; 8GH1; 8JJ8; 8JJL; 8JJO; 8UHB; 8UNL; 8UNM; 8UNN; 8UNO; 8UNP; 8UNQ; 8UNR; 8UNS; 8UNT; 8UNU; 8UNV; 8UNW; 8UNX; 8UNY; 8UNZ; 8UO0; 8UO1; 8UO2; 8UO3; 8UO4; 8W1V; 8ZBE; 8ZCJ,ADRB2,ADRB2,HGNC:286,Humans,DB00182
1012,Beta-3 adrenergic receptor,ADRB3,178896,M29932,P13945,ADRB3_HUMAN,9IJD; 9IJE,ADRB3,ADRB3,HGNC:288,Humans,DB00182
451,5-hydroxytryptamine receptor 2A,HTR2A,36431,S42168,P28223,5HT2A_HUMAN,6A93; 6A94; 6WGT; 6WH4; 6WHA; 7RAN; 7VOD; 7VOE; 7WC4; 7WC5; 7WC6; 7WC7; 7WC8; 7WC9; 8JT8; 8UWL; 8V6U; 8ZMG,HTR2A,HTR2A,HGNC:5293,Humans,DB08804
393,5-hydroxytryptamine receptor 2B,HTR2B,475198,X77307,P41595,5HT2B_HUMAN,4IB4; 4NC3; 5TUD; 5TVN; 6DRX; 6DRY; 6DRZ; 6DS0; 7SRQ; 7SRR; 7SRS,HTR2B,HTR2B,HGNC:5294,Humans,DB08804
533,5-hydroxytryptamine receptor 2C,HTR2C,338028,M81778,P28335,5HT2C_HUMAN,6BQG; 6BQH; 8DPF; 8DPG; 8DPH; 8DPI; 8ZMF,HTR2C,HTR2C,HGNC:5295,Humans,DB08804
501,Alpha-1A adrenergic receptor,ADRA1A,433201,D25235,P35348,ADA1A_HUMAN,7YM8; 7YMH; 7YMJ; 8HN1; 8THK; 8THL,ADRA1A,ADRA1A,HGNC:277,Humans,DB00182; DB01576
575,Alpha-1B adrenergic receptor,ADRA1B,,M99589,P35368,ADA1B_HUMAN,,ADRA1B,ADRA1B,HGNC:278,Humans,DB00182; DB01576
715,Alpha-1D adrenergic receptor,ADRA1D,177807,M76446,P25100,ADA1D_HUMAN,,ADRA1D,ADRA1D,HGNC:280,Humans,DB00182; DB01576
289,Alpha-2A adrenergic receptor,ADRA2A,178196,M23533,P08913,ADA2A_HUMAN,1HLL; 1HO9; 1HOD; 1HOF; 6K42; 6KUX; 6KUY; 7EJ0; 7EJ8; 7EJA; 7EJK; 7W6P; 7W7E,ADRA2A,ADRA2A,HGNC:281,Humans,DB00182; DB01576
572,Alpha-2B adrenergic receptor,ADRA2B,178198,M34041,P18089,ADA2B_HUMAN,6K41; 6K42,ADRA2B,ADRA2B,HGNC:282,Humans,DB00182; DB01576
342,Alpha-2C adrenergic receptor,ADRA2C,178194,J03853,P18825,ADA2C_HUMAN,6KUW,ADRA2C,ADRA2C,HGNC:283,Humans,DB00182; DB01576
141,Sodium channel protein type 1 subunit alpha,SCN1A,12642270,AF225985,P35498,SCN1A_HUMAN,7DTD,SCN1A,SCN1A,HGNC:10585,Humans,DB00907
177,Sodium channel protein type 10 subunit alpha,SCN10A,4838145,AF117907,Q9Y5Y9,SCNAA_HUMAN,7WE4; 7WEL; 7WFR; 7WFW,SCN10A,SCN10A,HGNC:10582,Humans,DB00907
192,Sodium channel protein type 11 subunit alpha,SCN11A,6572950,AF188679,Q9UI33,SCNBA_HUMAN,,SCN11A,SCN11A,HGNC:10583,Humans,DB00907
2081,Sodium channel protein type 2 subunit alpha,SCN2A,457879,M94055,Q99250,SCN2A_HUMAN,2KAV; 4JPZ; 4RLY; 6BUT; 6J8E,SCN2A,SCN2A,HGNC:10588,Humans,DB00907
2082,Sodium channel protein type 3 subunit alpha,SCN3A,7414320,AJ251507,Q9NY46,SCN3A_HUMAN,7W77; 7W7F,SCN3A,SCN3A,HGNC:10590,Humans,DB00907
2083,Sodium channel protein type 4 subunit alpha,SCN4A,338213,M81758,P35499,SCN4A_HUMAN,6AGF; 6MBA; 6MC9,SCN4A,SCN4A,HGNC:10591,Humans,DB00907
197,Sodium channel protein type 5 subunit alpha,SCN5A,184039,M77235,Q14524,SCN5A_HUMAN,2KBI; 2L53; 4DCK; 4DJC; 4JQ0; 4OVN; 5DBR; 6LQA; 6MUD; 7DTC; 7L83,SCN5A,SCN5A,HGNC:10593,Humans,DB00907
4833,Sodium channel protein type 7 subunit alpha,SCN7A,,,Q01118,SCN7A_HUMAN,7TJ8; 7TJ9,SCN7A,,HGNC:10594,Humans,DB00907
2084,Sodium channel protein type 8 subunit alpha,SCN8A,4321647,AF050736,Q9UQD0,SCN8A_HUMAN,8FHD; 8GZ1; 8GZ2,SCN8A,SCN8A,HGNC:10596,Humans,DB00907
1143,Sodium channel protein type 9 subunit alpha,SCN9A,758110,X82835,Q15858,SCN9A_HUMAN,5EK0; 6J8G; 6J8H; 6J8I; 6J8J; 6N4Q; 6N4R; 6NT3; 6NT4; 6VXO; 6W6O; 7K48; 7W9K; 7W9L; 7W9M; 7W9P; 7W9T; 7XM9; 7XMF; 7XMG; 7XVE; 7XVF; 8F0P; 8F0Q; 8F0R; 8F0S; 8G1A; 8I5B; 8I5G; 8I5X; 8I5Y; 8J4F; 8S9B; 8S9C; 8THG; 8THH; 8XMM; 8XMN; 8XMO,SCN9A,SCN9A,HGNC:10597,Humans,DB00907
3635,Sodium channel regulatory subunit beta-1,SCN1B,307415,L10338,Q07699,SCN1B_HUMAN,6AGF; 6J8G; 6J8H; 6J8I; 6J8J; 7W77; 7W7F; 7W9K; 7W9L; 7W9M; 7W9P; 7W9T; 7XM9; 7XMF; 7XMG; 7XVE; 7XVF; 8FHD; 8G1A; 8GZ1; 8GZ2; 8I5B; 8I5G; 8I5X; 8I5Y; 8J4F; 8S9B; 8S9C; 8THG; 8THH; 8XMM; 8XMN; 8XMO,SCN1B,,HGNC:10586,Humans,DB00907
3636,Sodium channel regulatory subunit beta-2,SCN2B,3309111,AF007783,O60939,SCN2B_HUMAN,5FDY; 5FEB; 6J8E; 6J8G; 6J8H; 6J8I; 6J8J; 6VRR; 7W77; 7W7F; 7W9K; 7W9L; 7W9M; 7W9P; 7W9T; 7XM9; 7XMF; 7XMG; 7XVE; 7XVF; 8G1A; 8GZ1; 8GZ2; 8I5B; 8I5G; 8I5X; 8I5Y; 8S9B; 8S9C; 8THG; 8THH; 8XMN; 8XMO,SCN2B,,HGNC:10589,Humans,DB00907
3637,Sodium channel regulatory subunit beta-3,SCN3B,7160975,AJ243396,Q9NY72,SCN3B_HUMAN,4L1D; 7TJ8; 7TJ9,SCN3B,,HGNC:20665,Humans,DB00907
3638,Sodium channel regulatory subunit beta-4,SCN4B,27465047,AY149967,Q8IWT1,SCN4B_HUMAN,4MZ2; 4MZ3; 5XAW; 6VSV; 7DTD,SCN4B,,HGNC:10592,Humans,DB00907
2198,Amine oxidase [flavin-containing] A,MAOA,187353,M68840,P21397,AOFA_HUMAN,2BXR; 2BXS; 2Z5X; 2Z5Y,MAOA,MAOA,HGNC:6833,Humans,DB00182
2196,Amine oxidase [flavin-containing] B,MAOB,398415,S62734,P27338,AOFB_HUMAN,1GOS; 1OJ9; 1OJA; 1OJC; 1OJD; 1S2Q; 1S2Y; 1S3B; 1S3E; 2BK3; 2BK4; 2BK5; 2BYB; 2C64; 2C65; 2C66; 2C67; 2C70; 2C72; 2C73; 2C75; 2C76; 2V5Z; 2V60; 2V61; 2VRL; 2VRM; 2VZ2; 2XCG; 2XFN; 2XFO; 2XFP; 2XFQ; 2XFU; 3PO7; 3ZYX; 4A79; 4A7A; 4CRT; 5MRL; 6FVZ; 6FW0; 6FWC; 6RKB; 6RKP; 6RLE; 6YT2; 7B0V; 7B0Z; 7P4F; 7P4H; 7ZW3,MAOB,MAOB,HGNC:6834,Humans,DB00182
365,"Glutamate receptor ionotropic, NMDA 1",GRIN1,219920,D13515,Q05586,NMDZ1_HUMAN,2HQW; 2NR1; 3BYA; 5H8F; 5H8H; 5H8N; 5H8Q; 5I2K; 5I2N; 5KCJ; 5KDT; 5TP9; 5TPA; 6IRA; 6IRF; 6IRG; 6IRH; 7EOQ; 7EOR; 7EOS; 7EOT; 7EOU; 7EU7; 7EU8; 7YFF; 7YFL; 7YFM; 7YFO; 7YFR; 8E92; 8E93; 8E94; 8E96; 8E97; 8E98; 8E99; 8JIZ; 8JJ0; 8JJ1; 8JJ2; 8UUE,GRIN1,GRIN1,HGNC:4584,Humans,DB00647
760,"Glutamate receptor ionotropic, NMDA 2A",GRIN2A,558749,U09002,Q12879,NMDE1_HUMAN,3NFL; 5H8F; 5H8H; 5H8N; 5H8Q; 5I2K; 5I2N; 5KCJ; 5KDT; 5TP9; 5TPA; 6IRA; 6IRF; 6IRG; 6IRH; 7EOQ; 7EOR; 7EOS; 7EOT; 7EOU; 7EU7; 8E99; 8JIZ; 8JJ0; 8JJ1; 8JJ2,GRIN2A,GRIN2A,HGNC:4585,Humans,DB00647
417,"Glutamate receptor ionotropic, NMDA 2B",GRIN2B,1899202,U90278,Q13224,NMDE2_HUMAN,5EWJ; 5EWL; 5EWM; 7EU8; 7KL0; 7KL1; 7KL2; 7UIS; 7UJP; 7UJQ; 7UJR; 7UJS; 7UJT,GRIN2B,GRIN2B,HGNC:4586,Humans,DB00647
454,"Glutamate receptor ionotropic, NMDA 2C",GRIN2C,1196449,L76224,Q14957,NMDE3_HUMAN,8E92; 8E93; 8E94; 8E97; 8E98; 8E99,GRIN2C,GRIN2C,HGNC:4587,Humans,DB00647
396,"Glutamate receptor ionotropic, NMDA 2D",GRIN2D,2444026,U77783,O15399,NMDE4_HUMAN,7YFF; 7YFL; 7YFM; 7YFO; 7YFR; 8E96,GRIN2D,GRIN2D,HGNC:4588,Humans,DB00647
641,"Glutamate receptor ionotropic, NMDA 3A",GRIN3A,20372905,AJ416950,Q8TCU5,NMD3A_HUMAN,8USW; 8USX; 8UUE,GRIN3A,GRIN3A,HGNC:16767,Humans,DB00647
534,"Glutamate receptor ionotropic, NMDA 3B",GRIN3B,3025446,AC004528,O60391,NMD3B_HUMAN,,GRIN3B,GRIN3B,HGNC:16768,Humans,DB00647
795,Gamma-aminobutyric acid receptor subunit alpha-1,GABRA1,31631,X13584,P14867,GBRA1_HUMAN,6CDU; 6D1S; 6D6T; 6D6U; 6HUG; 6HUJ; 6HUK; 6HUO; 6HUP; 6I53; 6X3S; 6X3T; 6X3U; 6X3V; 6X3W; 6X3X; 6X3Z; 6X40; 7PBD; 7PBZ; 7PC0; 7QNE; 7T0W; 7T0Z; 8DD2; 8DD3; 8SGO; 8SI9; 8SID; 8VQY; 8VRN,GABRA1,GABRA1,HGNC:4075,Humans,DB00349; DB00404; DB00475; DB00628; DB00683; DB00690; DB00801; DB00829; DB01068; DB01215; DB01489; DB01511; DB01544; DB01545; DB01558; DB01559; DB01588; DB01589
381,Gamma-aminobutyric acid receptor subunit alpha-2,GABRA2,386422,S62907,P47869,GBRA2_HUMAN,,GABRA2,GABRA2,HGNC:4076,Humans,DB00349; DB00404; DB00475; DB00628; DB00683; DB00690; DB00801; DB00829; DB01068; DB01215; DB01489; DB01511; DB01544; DB01545; DB01558; DB01559; DB01588; DB01589
523,Gamma-aminobutyric acid receptor subunit alpha-3,GABRA3,386424,S62908,P34903,GBRA3_HUMAN,,GABRA3,GABRA3,HGNC:4077,Humans,DB00349; DB00404; DB00475; DB00628; DB00683; DB00690; DB00801; DB00829; DB01068; DB01215; DB01489; DB01511; DB01544; DB01545; DB01558; DB01559; DB01588; DB01589
471,Gamma-aminobutyric acid receptor subunit alpha-5,GABRA5,182916,L08485,P31644,GBRA5_HUMAN,5O8F; 5OJM; 6A96; 8BEJ; 8BGI; 8BHA; 8BHB; 8BHG; 8BHI; 8BHK; 8BHM; 8BHO; 8BHQ; 8BHR; 8BHS,GABRA5,GABRA5,HGNC:4079,Humans,DB00349; DB00404; DB00475; DB00628; DB00683; DB00690; DB00801; DB00829; DB01068; DB01215; DB01489; DB01511; DB01544; DB01545; DB01558; DB01559; DB01588; DB01589
3593,Gamma-aminobutyric acid receptor subunit gamma-1,GABRG1,193783776,AK122845,Q8N1C3,GBRG1_HUMAN,,GABRG1,,HGNC:4086,Humans,DB00349; DB00404; DB00475; DB00628; DB00683; DB00690; DB00801; DB00829; DB01068; DB01215; DB01489; DB01511; DB01544; DB01545; DB01558; DB01559; DB01588; DB01589
3592,Gamma-aminobutyric acid receptor subunit gamma-2,GABRG2,31637,X15376,P18507,GBRG2_HUMAN,6D6T; 6D6U; 6HUG; 6HUJ; 6HUK; 6HUO; 6HUP; 6I53; 6X3S; 6X3T; 6X3U; 6X3V; 6X3W; 6X3X; 6X3Z; 6X40; 7QNB; 7QNE; 7T0W; 7T0Z; 8DD2; 8DD3; 8SGO; 8SI9; 8SID; 8VQY; 8VRN,GABRG2,,HGNC:4087,Humans,DB00349; DB00404; DB00475; DB00628; DB00683; DB00690; DB00801; DB00829; DB01068; DB01215; DB01489; DB01511; DB01544; DB01545; DB01558; DB01559; DB01588; DB01589
3594,Gamma-aminobutyric acid receptor subunit gamma-3,GABRG3,1754749,S82769,Q99928,GBRG3_HUMAN,,GABRG3,,HGNC:4088,Humans,DB00349; DB00404; DB00475; DB00628; DB00683; DB00690; DB00801; DB00829; DB01068; DB01215; DB01489; DB01511; DB01544; DB01545; DB01558; DB01559; DB01588; DB01589
20,D(1A) dopamine receptor,DRD1,30397,X55760,P21728,DRD1_HUMAN,7CKW; 7CKX; 7CKY; 7CKZ; 7CRH; 7F0T; 7F1O; 7F1Z; 7F23; 7F24; 7JOZ; 7JV5; 7JVP; 7JVQ; 7LJC; 7LJD; 7X2C; 7X2D; 7X2F; 8IRR; 8JXR; 8JXS,DRD1,DRD1,HGNC:3020,Humans,DB08804
145,D(1B) dopamine receptor,DRD5,32049,X58454,P21918,DRD5_HUMAN,8IRV,DRD5,DRD5,HGNC:3026,Humans,DB08804
756,D(2) dopamine receptor,DRD2,181432,M30625,P14416,DRD2_HUMAN,5AER; 6CM4; 6LUQ; 6VMS; 7DFP; 7JVR; 8IRS; 8TZQ; 8U02,DRD2,DRD2,HGNC:3023,Humans,DB08804
581,D(3) dopamine receptor,DRD3,927342,U32499,P35462,DRD3_HUMAN,3PBL; 7CMU; 7CMV; 8IRT,DRD3,DRD3,HGNC:3024,Humans,DB08804
389,D(4) dopamine receptor,DRD4,291946,L12398,P21917,DRD4_HUMAN,5WIU; 5WIV,DRD4,DRD4,HGNC:3025,Humans,DB08804
411,Neuronal acetylcholine receptor subunit alpha-10,CHRNA10,12053839,AJ278118,Q9GZZ6,ACH10_HUMAN,,CHRNA10,CHRNA10,HGNC:13800,Humans,DB00237
738,Neuronal acetylcholine receptor subunit alpha-2,CHRNA2,1458110,U62431,Q15822,ACHA2_HUMAN,5FJV,CHRNA2,CHRNA2,HGNC:1956,Humans,DB00237
3585,Neuronal acetylcholine receptor subunit alpha-3,CHRNA3,177898,M86383,P32297,ACHA3_HUMAN,4ZK4; 5SYO; 5TVC; 6PV7; 6PV8,CHRNA3,,HGNC:1957,Humans,DB00237
849,Neuronal acetylcholine receptor subunit alpha-4,CHRNA4,755648,L35901,P43681,ACHA4_HUMAN,2LLY; 5KXI; 6CNJ; 6CNK; 6UR8; 6USF; 8SSZ; 8ST0; 8ST1; 8ST2; 8ST3; 8ST4,CHRNA4,CHRNA4,HGNC:1958,Humans,DB00237
3586,Neuronal acetylcholine receptor subunit alpha-5,CHRNA5,177926,M83712,P30532,ACHA5_HUMAN,,CHRNA5,,HGNC:1959,Humans,DB00237
3587,Neuronal acetylcholine receptor subunit alpha-6,CHRNA6,1458118,U62435,Q15825,ACHA6_HUMAN,,CHRNA6,,HGNC:15963,Humans,DB00237
2341,Neuronal acetylcholine receptor subunit alpha-7,CHRNA7,496607,X70297,P36544,ACHA7_HUMAN,2MAW; 5AFH; 5AFJ; 5AFK; 5AFL; 5AFM; 5AFN; 7EKI; 7EKP; 7EKT; 7KOO; 7KOQ; 7KOX; 7RPM; 8C9X; 8CAU; 8CE4; 8CI1; 8CI2; 8F4V; 8P1H; 8UT1; 8UTB; 8UZJ; 8V80; 8V82; 8V86; 8V88; 8V89; 8V8A; 8V8C; 8V8D,CHRNA7,CHRNA7,HGNC:1960,Humans,DB00237
2343,Neuronal acetylcholine receptor subunit alpha-9,CHRNA9,6688136,AJ243342,Q9UGM1,ACHA9_HUMAN,4D01; 4UXU; 4UY2; 6HY7,CHRNA9,CHRNA9,HGNC:14079,Humans,DB00237
850,Neuronal acetylcholine receptor subunit beta-2,CHRNB2,32017,X53179,P17787,ACHB2_HUMAN,2K58; 2K59; 2KSR; 2LM2; 5KXI; 6CNJ; 6CNK; 6UR8; 6USF; 8SSZ; 8ST0; 8ST1; 8ST2; 8ST3; 8ST4,CHRNB2,CHRNB2,HGNC:1962,Humans,DB00237
3588,Neuronal acetylcholine receptor subunit beta-3,CHRNB3,1458124,U62438,Q05901,ACHB3_HUMAN,8A5U,CHRNB3,,HGNC:1963,Humans,DB00237
3584,Neuronal acetylcholine receptor subunit beta-4,CHRNB4,1458126,U62439,P30926,ACHB4_HUMAN,6PV7; 6PV8,CHRNB4,,HGNC:1964,Humans,DB00237
217,Gamma-aminobutyric acid type B receptor subunit 1,GABBR1,3892594,AJ225028,Q9UBS5,GABR1_HUMAN,4MQE; 4MQF; 4MR7; 4MR8; 4MR9; 4MRM; 4MS1; 4MS3; 4MS4; 4PAS; 6HKC; 6UO8; 6UO9; 6UOA; 6VJM; 6W2X; 6W2Y; 6WIV; 7C7Q; 7C7S; 7CA3; 7CA5; 7CUM; 7EB2,GABBR1,GABBR1,HGNC:4070,,DB01440
2340,Gamma-aminobutyric acid type B receptor subunit 2,GABBR2,3776098,AJ012188,O75899,GABR2_HUMAN,4F11; 4F12; 4MQE; 4MQF; 4MR7; 4MR8; 4MR9; 4MRM; 4MS1; 4MS3; 4MS4; 4PAS; 6M8R; 6OCP; 6UO8; 6UO9; 6UOA; 6VJM; 6W2X; 6WIV; 7C7Q; 7C7S; 7CA3; 7CA5; 7CUM; 7EB2,GABBR2,GABBR2,HGNC:4507,,DB01440
